page_display_name,page_name,focus_area,creation_month
Against Malaria Foundation,Timeline of Against Malaria Foundation,Miscellaneous health,April 2017
Airbnb,Timeline of Airbnb,Tech company,August 2014
Alzheimer's disease,Timeline of Alzheimer's disease,Disease,August 2016
Amazon Web Services,Timeline of Amazon Web Services,Miscellaneous technology,June 2016
Amazon.com,Timeline of Amazon.com,Tech company,January 2016
Animal welfare and rights,Timeline of animal welfare and rights,Animal welfare and rights,April 2016
Animal welfare and rights in Europe,Timeline of animal welfare and rights in Europe,Animal welfare and rights,May 2016
Animal welfare and rights in the United States,Timeline of animal welfare and rights in the United States,Animal welfare and rights,May 2016
Bay Area Rapid Transit,Timeline of Bay Area Rapid Transit,Transportation,May 2017
Bill & Melinda Gates Foundation,Timeline of Bill & Melinda Gates Foundation,Miscellaneous health,May 2017
Bitcoin,Timeline of Bitcoin,Cryptocurrencies and blockchains,June 2017
Bladder cancer,Timeline of bladder cancer,Disease,October 2016
Brain cancer,Timeline of brain cancer,Disease,August 2016
Cardiovascular disease,Timeline of cardiovascular disease,Disease,August 2016
Carl Shulman publications,Timeline of Carl Shulman publications,Rationality,June 2017
Cato Institute,Timeline of Cato Institute,Libertarianism,Not yet complete
Cellular agriculture,Timeline of cellular agriculture,Miscellaneous technology,June 2016
Center for Applied Rationality,Timeline of Center for Applied Rationality,Rationality,July 2017
Cervical cancer,Timeline of cervical cancer,Disease,September 2016
Chagas disease,Timeline of Chagas disease,Disease,February 2017
Chinese immigration to the United States,Timeline of Chinese immigration to the United States,Migration,May 2017
Cholera,Timeline of cholera,Disease,April 2016
Colorectal cancer,Timeline of colorectal cancer,Disease,September 2016
CRISPR,Timeline of CRISPR,Biomedical research/miscellaneous health,June 2017
Decision theory,Timeline of decision theory,Rationality,Not yet complete
Deworming,Timeline of deworming,Disease,April 2016
Digital preservation,Timeline of digital preservation,Miscellaneous technology,January 2017
Diphtheria,Timeline of diphtheria,Disease,May 2017
DNA sequencing,Timeline of DNA sequencing,Miscellaneous health,April 2016
DOS operating systems,Timeline of DOS operating systems,Miscellaneous technology,October 2008
Dropbox,Timeline of Dropbox,Tech company,April 2016
Ebola virus disease,Timeline of Ebola virus disease,Miscellaneous health,July 2017
E-commerce,Timeline of e-commerce,Miscellaneous technology,August 2016
Electricity adoption,Timeline of electricity adoption,Miscellaneous technology,June 2017
Environmentalist movement,Timeline of the environmentalist movement,Environmentalism,July 2017
Facebook,Timeline of Facebook,Tech company,July 2010
Friendly artificial intelligence,Timeline of friendly artificial intelligence,Rationality,Not yet complete
"Gavi, the Vaccine Alliance","Timeline of Gavi, the Vaccine Alliance",Miscellaneous health,June 2017
GitHub,Timeline of GitHub,Tech company,July 2016
GiveWell,Timeline of GiveWell,Charity evaluator,March 2017
"The Global Fund to Fight AIDS, Tuberculosis and Malaria","Timeline of The Global Fund to Fight AIDS, Tuberculosis and Malaria",Miscellaneous health,May 2017
Global health,Timeline of global health,Miscellaneous health,April 2016
Google Search,Timeline of Google Search,Miscellaneous technology,February 2014
Healthcare in China,Timeline of healthcare in China,Healthcare by country,May 2016
Healthcare in Cuba,Timeline of healthcare in Cuba,Healthcare by country,July 2016
Healthcare in Egypt,Timeline of healthcare in Egypt,Healthcare by country,July 2016
Healthcare in Ethiopia,Timeline of healthcare in Ethiopia,Healthcare by country,October 2016
Healthcare in France,Timeline of healthcare in France,Healthcare by country,October 2016
Healthcare in Germany,Timeline of healthcare in Germany,Healthcare by country,July 2016
Healthcare in India,Timeline of healthcare in India,Healthcare by country,May 2016
Healthcare in Italy,Timeline of healthcare in Italy,Healthcare by country,October 2016
Healthcare in Japan,Timeline of healthcare in Japan,Healthcare by country,May 2016
Healthcare in Kenya,Timeline of healthcare in Kenya,Healthcare by country,July 2016
Healthcare in Nigeria,Timeline of healthcare in Nigeria,Healthcare by country,July 2016
Healthcare in Russia,Timeline of healthcare in Russia,Healthcare by country,October 2016
Healthcare in South Africa,Timeline of healthcare in South Africa,Healthcare by country,October 2016
Healthcare in the Democratic Republic of the Congo,Timeline of healthcare in the Democratic Republic of the Congo,Healthcare by country,October 2016
Healthcare in the United Kingdom,Timeline of healthcare in the United Kingdom,Healthcare by country,December 2016
Hepatitis,Timeline of hepatitis,Disease,February 2017
Hospitals,Timeline of hospitals,Miscellaneous health,September 2016
Immigrant processing and visa policy in the United States,Timeline of immigrant processing and visa policy in the United States,Migration,March 2017
Immigration enforcement in the United States,Timeline of immigration enforcement in the United States,Migration,March 2017
Influenza,Timeline of influenza,Disease,May 2016
Instagram,Timeline of Instagram,Tech company,April 2016
Intel,Timeline of Intel,Tech company,February 2016
Kidney cancer,Timeline of kidney cancer,Disease,September 2016
Leukemia,Timeline of leukemia,Disease,August 2016
Libertarianism in the United States,Timeline of libertarianism in the United States,Libertarianism,August 2017
LinkedIn,Timeline of LinkedIn,Tech company,April 2016
Liver cancer,Timeline of liver cancer,Disease,October 2016
Ludwig von Mises Institute,Timeline of Ludwig von Mises Institute,Libertarianism,Not yet complete
Lung cancer,Timeline of lung cancer,Disease,August 2016
Lyft,Timeline of Lyft,Tech company,June 2016
Lymphoma,Timeline of lymphoma,Disease,August 2016
Machine Intelligence Research Institute,Timeline of Machine Intelligence Research Institute,Rationality,July 2017
Machine learning,Timeline of machine learning,Miscellaneous technology,June 2016
Machine translation,Timeline of machine translation,Miscellaneous technology,February 2014
Malaria,Timeline of malaria,Disease,April 2016
Malaria in 2014,Timeline of malaria in 2014,Disease,August 2017
Malaria in 2016,Timeline of malaria in 2016,Disease,July 2017
Malaria in 2017,Timeline of malaria in 2017,Disease,July 2017
Malaria vaccine,Timeline of malaria vaccine,Miscellaneous health,May 2017
Measles,Timeline of measles,Disease,January 2017
Melanoma,Timeline of melanoma,Disease,August 2016
Microsoft,Timeline of Microsoft,Tech company,January 2016
Mobile telephony,Timeline of mobile telephony,Miscellaneous technology,August 2017
Monsanto,Timeline of Monsanto,Other company,August 2016
Mosquito net distribution,Timeline of mosquito net distribution,Miscellaneous health,April 2017
National Institutes of Health,Timeline of the National Institutes of Health,Miscellaneous health,March 2017
Netflix,Timeline of Netflix,Tech company,May 2016
Niskanen Center,Timeline of Niskanen Center,Libertarianism,August 2017
Nonprofit evaluation,Timeline of nonprofit evaluation,,April 2016
Nordstrom,Timeline of Nordstrom,Other company,July 2016
Online advertising,Timeline of online advertising,Miscellaneous technology,February 2017
Online dating services,Timeline of online dating services,Miscellaneous technology,June 2015
Online food delivery,Timeline of online food delivery,Miscellaneous technology,January 2016
Online job search and professional networking,Timeline of online job search and professional networking,Miscellaneous technology,May 2017
Online video,Timeline of online video,Miscellaneous technology,July 2016
Optical character recognition,Timeline of optical character recognition,Miscellaneous technology,September 2016
Pancreatic cancer,Timeline of pancreatic cancer,Disease,September 2016
PayPal,Timeline of PayPal,Tech company,August 2014
Pinterest,Timeline of Pinterest,Tech company,August 2014
Pipeline transport,Timeline of pipeline transport,Transportation,August 2017
Plague,Timeline of plague,Disease,January 2017
Poliomyelitis,Timeline of poliomyelitis,Disease,January 2017
Quora,Timeline of Quora,Tech company,July 2015
Rationality community,Timeline of the rationality community,Rationality,Not yet complete
Recycling,Timeline of recycling,Environmentalism,August 2017
Reddit,Timeline of Reddit,Tech company,May 2015
Roads,Timeline of roads,Transportation,August 2017
Senescence research,Timeline of senescence research,Miscellaneous health,May 2016
Site search,Timeline of site search,Miscellaneous technology,May 2017
Slack,Timeline of Slack,Miscellaneous technology,October 2017
Snapchat,Timeline of Snapchat,Tech company,September 2014
Social media,Timeline of social media,Miscellaneous technology,July 2016
Sovereign states in North America,Timeline of sovereign states in North America,,January 2017
Sovereign states in Oceania,Timeline of sovereign states in Oceania,,June 2016
Speech and voice recognition,Timeline of speech and voice recognition,Miscellaneous technology,June 2016
Square,Timeline of Square,Tech company,November 2015
Stroke,Timeline of stroke,Disease,August 2015
TempleOS,Timeline of TempleOS,Miscellaneous technology,March 2017
Tesla Motors,Timeline of Tesla Motors,Tech company,November 2015
Tetanus,Timeline of tetanus,Disease,May 2017
The Sierra Club,Timeline of The Sierra Club,Environmentalism,July 2017
Tuberculosis,Timeline of tuberculosis,Disease,September 2016
Twitch.tv,Timeline of Twitch.tv,Tech company,June 2016
Twitter,Timeline of Twitter,Tech company,January 2014
Typhoid fever,Timeline of typhoid fever,Disease,March 2017
Typhus,Timeline of typhus,Disease,February 2017
Uber,Timeline of Uber,Tech company,June 2015
UNICEF,Timeline of UNICEF,Miscellaneous health,May 2017
Valve Corporation,Timeline of Valve Corporation,Tech company,August 2016
Waste management,Timeline of waste management,Environmentalism,August 2017
Web analytics,Timeline of web analytics,Miscellaneous technology,
Web search engines,Timeline of web search engines,Miscellaneous technology,
WhatsApp,Timeline of WhatsApp,Tech company,May 2016
Wikimedia analytics,Timeline of Wikimedia analytics,,September 2016
Xiaomi,Timeline of Xiaomi,Tech company,June 2016
Yellow fever,Timeline of yellow fever,Disease,February 2017
